-- phpMyAdmin SQL Dump
-- version 5.0.1
-- https://www.phpmyadmin.net/
--
-- Host: 127.0.0.1
-- Generation Time: Dec 22, 2021 at 06:25 AM
-- Server version: 10.4.11-MariaDB
-- PHP Version: 7.4.2

SET SQL_MODE = "NO_AUTO_VALUE_ON_ZERO";
SET AUTOCOMMIT = 0;
START TRANSACTION;
SET time_zone = "+00:00";


/*!40101 SET @OLD_CHARACTER_SET_CLIENT=@@CHARACTER_SET_CLIENT */;
/*!40101 SET @OLD_CHARACTER_SET_RESULTS=@@CHARACTER_SET_RESULTS */;
/*!40101 SET @OLD_COLLATION_CONNECTION=@@COLLATION_CONNECTION */;
/*!40101 SET NAMES utf8mb4 */;

--
-- Database: `db_peramalan2`
--

-- --------------------------------------------------------

--
-- Table structure for table `mesin_fotocopy`
--

CREATE TABLE `mesin_fotocopy` (
  `ID_MESIN` int(11) NOT NULL,
  `ID_PERUSAHAAN` int(11) DEFAULT NULL,
  `NAMA_MESIN` varchar(30) DEFAULT NULL,
  `STOK_MESIN` int(11) DEFAULT NULL,
  `CREATED_AT` datetime DEFAULT NULL,
  `UPDATED_AT` datetime DEFAULT NULL,
  `DELETED_AT` datetime DEFAULT NULL
) ENGINE=InnoDB DEFAULT CHARSET=utf8mb4;

--
-- Dumping data for table `mesin_fotocopy`
--

INSERT INTO `mesin_fotocopy` (`ID_MESIN`, `ID_PERUSAHAAN`, `NAMA_MESIN`, `STOK_MESIN`, `CREATED_AT`, `UPDATED_AT`, `DELETED_AT`) VALUES
(1, NULL, 'IR 3035', 9, NULL, '2021-09-27 07:34:28', NULL),
(2, NULL, 'IR 4570', 7, '2021-09-24 01:06:18', '2021-10-05 03:53:05', NULL),
(5, NULL, 'IR 3045', 7, '2021-09-24 04:10:43', '2021-10-05 03:53:18', NULL),
(6, NULL, 'IR 2370', 9, '2021-09-24 04:11:23', '2021-10-05 03:53:26', NULL),
(7, NULL, 'IR 4567', 5, '2021-12-15 03:53:35', '2021-12-15 03:53:47', '2021-12-15 03:53:47');

-- --------------------------------------------------------

--
-- Table structure for table `persewaan`
--

CREATE TABLE `persewaan` (
  `ID_PERSEWAAN` int(11) NOT NULL,
  `ID_USER` int(11) DEFAULT NULL,
  `ID_PERUSAHAAN` int(11) DEFAULT NULL,
  `ID_PERSEWAAN_DETAIL` int(11) DEFAULT NULL,
  `CREATED_AT` datetime DEFAULT NULL,
  `UPDATED_AT` datetime DEFAULT NULL,
  `DELETED_AT` datetime DEFAULT NULL
) ENGINE=InnoDB DEFAULT CHARSET=utf8mb4;

--
-- Dumping data for table `persewaan`
--

INSERT INTO `persewaan` (`ID_PERSEWAAN`, `ID_USER`, `ID_PERUSAHAAN`, `ID_PERSEWAAN_DETAIL`, `CREATED_AT`, `UPDATED_AT`, `DELETED_AT`) VALUES
(1, NULL, 1, 1, '2021-10-05 02:19:11', '2021-10-05 02:19:11', NULL),
(2, NULL, 1, 2, '2021-10-05 02:21:24', '2021-10-05 02:21:24', NULL),
(3, NULL, 1, 3, '2021-10-05 02:22:35', '2021-10-05 02:22:35', NULL),
(4, NULL, 1, 4, '2021-10-05 02:30:35', '2021-10-05 02:30:35', NULL),
(5, NULL, 1, 5, '2021-10-05 02:41:32', '2021-10-05 02:41:32', NULL),
(6, NULL, 1, 6, '2021-10-05 02:42:15', '2021-10-05 02:42:15', NULL),
(7, NULL, 1, 7, '2021-10-05 02:43:05', '2021-10-05 02:43:05', NULL),
(8, NULL, 1, 8, '2021-10-05 02:43:51', '2021-10-05 02:43:51', NULL),
(9, NULL, 1, 9, '2021-10-05 02:44:35', '2021-10-05 02:44:35', NULL),
(10, NULL, 1, 10, '2021-10-05 02:45:41', '2021-10-05 02:45:41', NULL),
(11, NULL, 1, 11, '2021-10-05 02:46:23', '2021-10-05 02:46:23', NULL),
(12, NULL, 1, 12, '2021-10-05 02:47:07', '2021-10-05 02:47:07', NULL),
(13, NULL, 1, 13, '2021-10-05 02:47:54', '2021-10-05 02:47:54', NULL),
(14, NULL, 1, 14, '2021-10-05 02:48:29', '2021-10-05 02:48:29', NULL),
(15, NULL, 1, 15, '2021-10-05 02:49:10', '2021-10-05 02:49:10', NULL),
(16, NULL, 1, 16, '2021-10-05 02:49:53', '2021-10-05 02:49:53', NULL),
(17, NULL, 1, 17, '2021-10-05 02:50:32', '2021-10-05 02:50:32', NULL),
(18, NULL, 1, 18, '2021-10-05 02:51:12', '2021-10-05 02:51:12', NULL),
(19, NULL, 1, 19, '2021-10-05 02:52:58', '2021-10-05 02:52:58', NULL),
(20, NULL, 1, 20, '2021-10-05 02:53:36', '2021-10-05 02:53:36', NULL),
(21, NULL, 1, 21, '2021-10-05 02:54:20', '2021-10-05 02:54:20', NULL),
(22, NULL, 1, 22, '2021-10-05 02:54:57', '2021-10-05 02:54:57', NULL),
(23, NULL, 1, 23, '2021-10-05 02:55:47', '2021-10-05 02:55:47', NULL),
(24, NULL, 1, 24, '2021-10-05 02:56:27', '2021-10-05 02:56:27', NULL),
(25, NULL, 1, 25, '2021-10-05 03:04:07', '2021-10-05 03:04:07', NULL),
(26, NULL, 1, 26, '2021-10-05 03:04:54', '2021-10-05 03:04:54', NULL),
(27, NULL, 1, 27, '2021-10-05 03:05:47', '2021-10-05 03:05:47', NULL),
(28, NULL, 1, 28, '2021-10-05 03:06:41', '2021-10-05 03:06:41', NULL),
(29, NULL, 1, 29, '2021-10-05 03:08:23', '2021-10-05 03:08:23', NULL),
(30, NULL, 1, 30, '2021-10-05 03:09:10', '2021-10-05 03:09:10', NULL),
(31, NULL, 1, 31, '2021-10-05 03:09:54', '2021-10-05 03:09:54', NULL),
(32, NULL, 1, 32, '2021-10-05 03:10:33', '2021-10-05 03:10:33', NULL),
(33, NULL, 1, 33, '2021-10-05 03:11:06', '2021-10-05 03:11:06', NULL),
(34, NULL, 1, 34, '2021-10-05 03:12:06', '2021-10-05 03:12:06', NULL),
(35, NULL, 1, 35, '2021-10-05 03:13:23', '2021-10-05 03:13:23', NULL),
(36, NULL, 1, 36, '2021-10-05 03:13:58', '2021-10-05 03:13:58', NULL),
(37, NULL, 1, 37, '2021-10-05 03:15:33', '2021-10-05 03:15:33', NULL),
(38, NULL, 1, 38, '2021-10-05 03:16:15', '2021-10-05 03:16:15', NULL),
(39, NULL, 1, 39, '2021-10-05 03:17:21', '2021-10-05 03:17:21', NULL),
(40, NULL, 1, 40, '2021-10-05 03:18:06', '2021-10-05 03:18:06', NULL),
(41, NULL, 1, 41, '2021-10-05 03:18:55', '2021-10-05 03:18:55', NULL),
(42, NULL, 1, 42, '2021-10-05 03:20:28', '2021-10-05 03:20:28', NULL),
(43, NULL, 1, 43, '2021-10-05 03:21:09', '2021-10-05 03:21:09', NULL),
(44, NULL, 1, 44, '2021-10-05 03:22:58', '2021-10-05 03:22:58', NULL),
(45, NULL, 1, 45, '2021-10-05 03:23:40', '2021-10-05 03:23:40', NULL),
(46, NULL, 1, 46, '2021-10-05 03:25:04', '2021-10-05 03:25:04', NULL),
(47, NULL, 1, 47, '2021-10-05 03:26:09', '2021-10-05 03:26:09', NULL),
(48, NULL, 1, 48, '2021-10-05 03:27:05', '2021-10-05 03:27:05', NULL),
(49, NULL, 1, 49, '2021-10-05 03:28:17', '2021-10-05 03:28:17', NULL),
(50, NULL, 1, 50, '2021-10-05 03:28:53', '2021-10-05 03:28:53', NULL),
(51, NULL, 1, 51, '2021-10-05 03:29:25', '2021-10-05 03:29:25', NULL),
(52, NULL, 1, 52, '2021-10-05 03:30:42', '2021-10-05 03:30:42', NULL),
(53, NULL, 1, 53, '2021-10-05 03:31:20', '2021-10-05 03:31:20', NULL),
(54, NULL, 1, 54, '2021-10-05 03:31:59', '2021-10-05 03:31:59', NULL),
(55, NULL, 1, 55, '2021-10-05 03:33:11', '2021-10-05 03:33:11', NULL),
(56, NULL, 1, 56, '2021-10-05 03:33:42', '2021-10-05 03:33:42', NULL),
(57, NULL, 1, 57, '2021-10-05 03:35:14', '2021-10-05 03:35:14', NULL),
(58, NULL, 1, 58, '2021-10-05 03:35:50', '2021-10-05 03:35:50', NULL),
(59, NULL, 1, 59, '2021-10-05 03:36:30', '2021-10-05 03:36:30', NULL),
(60, NULL, 1, 60, '2021-10-05 03:37:15', '2021-10-05 03:37:15', NULL),
(61, NULL, 3, 61, '2021-10-05 04:16:47', '2021-10-05 04:16:47', NULL),
(62, NULL, 3, 62, '2021-10-05 04:17:28', '2021-10-05 04:17:28', NULL),
(63, NULL, 3, 63, '2021-10-05 04:18:01', '2021-10-05 04:18:01', NULL),
(64, NULL, 3, 64, '2021-10-05 04:18:41', '2021-10-05 04:18:41', NULL),
(65, NULL, 3, 65, '2021-10-05 04:19:16', '2021-10-05 04:19:16', NULL),
(66, NULL, 3, 66, '2021-10-05 04:21:24', '2021-10-05 04:21:24', NULL),
(67, NULL, 3, 77, '2021-10-05 04:33:50', '2021-10-05 04:33:50', NULL),
(68, NULL, 3, 78, '2021-10-05 04:34:48', '2021-10-05 04:34:48', NULL),
(69, NULL, 3, 79, '2021-10-05 04:35:23', '2021-10-05 04:35:23', NULL),
(70, NULL, 3, 80, '2021-10-05 04:36:20', '2021-10-05 04:36:20', NULL),
(71, NULL, 3, 81, '2021-10-05 04:37:23', '2021-10-05 04:37:23', NULL),
(72, NULL, 3, 82, '2021-10-05 04:37:53', '2021-10-05 04:37:53', NULL),
(73, NULL, 3, 83, '2021-10-05 04:38:31', '2021-10-05 04:38:31', NULL),
(74, NULL, 3, 84, '2021-10-05 04:39:00', '2021-10-05 04:39:00', NULL),
(75, NULL, 3, 85, '2021-10-05 04:39:35', '2021-10-05 04:39:35', NULL),
(76, NULL, 3, 86, '2021-10-05 04:40:10', '2021-10-05 04:40:10', NULL),
(77, NULL, 3, 87, '2021-10-05 04:40:39', '2021-10-05 04:40:39', NULL),
(78, NULL, 3, 88, '2021-10-05 04:41:13', '2021-10-05 04:41:13', NULL),
(79, NULL, 3, 89, '2021-10-05 04:41:41', '2021-10-05 04:41:41', NULL),
(80, NULL, 3, 90, '2021-10-05 04:43:21', '2021-10-05 04:43:21', NULL),
(81, NULL, 3, 91, '2021-10-05 04:44:08', '2021-10-05 04:44:08', NULL),
(82, NULL, 3, 92, '2021-10-05 04:44:42', '2021-10-05 04:44:42', NULL),
(83, NULL, 3, 93, '2021-10-05 04:45:14', '2021-10-05 04:45:14', NULL),
(84, NULL, 3, 94, '2021-10-05 04:45:48', '2021-10-05 04:45:48', NULL),
(85, NULL, 3, 95, '2021-10-05 04:46:28', '2021-10-05 04:46:28', NULL),
(86, NULL, 3, 96, '2021-10-05 04:47:06', '2021-10-05 04:47:06', NULL),
(87, NULL, 3, 97, '2021-10-05 04:48:01', '2021-10-05 04:48:01', NULL),
(88, NULL, 3, 98, '2021-10-05 04:48:30', '2021-10-05 04:48:30', NULL),
(89, NULL, 3, 99, '2021-10-05 04:49:12', '2021-10-05 04:49:12', NULL),
(90, NULL, 3, 100, '2021-10-05 04:49:58', '2021-10-05 04:49:58', NULL),
(91, NULL, 3, 101, '2021-10-05 04:50:42', '2021-10-05 04:50:42', NULL),
(92, NULL, 3, 102, '2021-10-05 04:51:19', '2021-10-05 04:51:19', NULL),
(93, NULL, 3, 103, '2021-10-05 04:51:56', '2021-10-05 04:51:56', NULL),
(94, NULL, 3, 104, '2021-10-05 04:52:28', '2021-10-05 04:52:28', NULL),
(95, NULL, 3, 105, '2021-10-05 04:53:05', '2021-10-05 04:53:05', NULL),
(96, NULL, 3, 106, '2021-10-05 04:53:34', '2021-10-05 04:53:34', NULL),
(97, NULL, 3, 107, '2021-10-05 04:54:55', '2021-10-05 04:54:55', NULL),
(98, NULL, 3, 108, '2021-10-05 04:55:36', '2021-10-05 04:55:36', NULL),
(99, NULL, 3, 109, '2021-10-05 04:56:18', '2021-10-05 04:56:18', NULL),
(100, NULL, 3, 110, '2021-10-05 04:57:24', '2021-10-05 04:57:24', NULL),
(101, NULL, 3, 111, '2021-10-05 04:59:10', '2021-10-05 04:59:10', NULL),
(102, NULL, 3, 112, '2021-10-05 04:59:44', '2021-10-05 04:59:44', NULL),
(103, NULL, 3, 113, '2021-10-05 05:00:27', '2021-10-05 05:00:27', NULL),
(104, NULL, 3, 114, '2021-10-05 05:01:03', '2021-10-05 05:01:03', NULL),
(105, NULL, 3, 115, '2021-10-05 05:01:39', '2021-10-05 05:01:39', NULL),
(106, NULL, 3, 116, '2021-10-05 05:02:10', '2021-10-05 05:02:10', NULL),
(107, NULL, 3, 117, '2021-10-05 05:02:38', '2021-10-05 05:02:38', NULL),
(108, NULL, 3, 118, '2021-10-05 05:03:06', '2021-10-05 05:03:06', NULL),
(109, 4, 1, 119, '2021-10-07 08:09:57', '2021-10-07 08:09:57', NULL),
(110, 4, 1, 120, '2021-10-28 01:49:53', '2021-10-28 01:49:53', NULL),
(111, 4, 1, 121, '2021-10-28 01:50:33', '2021-10-28 01:50:33', NULL),
(112, 4, 1, 122, '2021-10-28 01:51:18', '2021-10-28 01:51:18', NULL),
(113, 4, 1, 123, '2021-10-28 01:52:17', '2021-10-28 01:52:17', NULL),
(114, 4, 1, 124, '2021-10-28 01:53:03', '2021-10-28 01:53:03', NULL),
(115, 4, 1, 125, '2021-10-28 01:53:35', '2021-10-28 01:53:35', NULL),
(116, 4, 1, 126, '2021-10-28 01:54:18', '2021-10-28 01:54:18', NULL),
(117, 4, 1, 127, '2021-10-28 01:56:42', '2021-10-28 01:56:42', NULL),
(118, 4, 1, 128, '2021-10-28 01:57:16', '2021-10-28 01:57:16', NULL),
(119, 4, 3, 129, '2021-10-28 01:58:47', '2021-10-28 01:58:47', NULL),
(120, 4, 3, 130, '2021-10-28 01:59:25', '2021-10-28 01:59:25', NULL),
(121, 4, 3, 131, '2021-10-28 02:00:15', '2021-10-28 02:00:15', NULL),
(122, 4, 3, 132, '2021-10-28 02:01:01', '2021-10-28 02:01:01', NULL),
(123, 4, 3, 133, '2021-10-28 02:01:59', '2021-10-28 02:01:59', NULL),
(124, 4, 3, 134, '2021-10-28 02:03:01', '2021-10-28 02:03:01', NULL),
(125, 4, 3, 135, '2021-10-28 02:03:38', '2021-10-28 02:03:38', NULL),
(126, 4, 3, 136, '2021-10-28 02:04:13', '2021-10-28 02:04:13', NULL),
(127, 4, 3, 137, '2021-10-28 02:05:33', '2021-10-28 02:05:33', NULL),
(128, 4, 3, 138, '2021-10-28 02:05:56', '2021-10-28 02:05:56', NULL),
(129, 4, 1, 139, '2021-12-15 03:55:24', '2021-12-15 03:55:24', NULL);

-- --------------------------------------------------------

--
-- Table structure for table `persewaan_detail`
--

CREATE TABLE `persewaan_detail` (
  `ID_PERSEWAAN_DETAIL` int(11) NOT NULL,
  `ID_PERSEWAAN` int(11) DEFAULT NULL,
  `TANGGAL_TAGIH` date DEFAULT NULL,
  `TANGGAL_BAYAR` date DEFAULT NULL,
  `COUNTER_BULAN_LALU` int(11) DEFAULT NULL,
  `COUNTER_BULAN_INI` int(11) DEFAULT NULL,
  `SELISIH_COUNTER` int(11) DEFAULT NULL,
  `KERTAS_RUSAK` int(11) DEFAULT NULL,
  `NETTO` int(11) DEFAULT NULL,
  `KELEBIHAN_PEMAKAIAN` int(11) DEFAULT NULL,
  `JUMLAH_TAGIHAN` int(11) DEFAULT NULL,
  `CREATED_AT` datetime DEFAULT NULL,
  `UPDATED_AT` datetime DEFAULT NULL,
  `DELETED_AT` datetime DEFAULT NULL
) ENGINE=InnoDB DEFAULT CHARSET=utf8mb4;

--
-- Dumping data for table `persewaan_detail`
--

INSERT INTO `persewaan_detail` (`ID_PERSEWAAN_DETAIL`, `ID_PERSEWAAN`, `TANGGAL_TAGIH`, `TANGGAL_BAYAR`, `COUNTER_BULAN_LALU`, `COUNTER_BULAN_INI`, `SELISIH_COUNTER`, `KERTAS_RUSAK`, `NETTO`, `KELEBIHAN_PEMAKAIAN`, `JUMLAH_TAGIHAN`, `CREATED_AT`, `UPDATED_AT`, `DELETED_AT`) VALUES
(1, NULL, '2016-01-04', '2021-10-08', 288552, 308704, 20152, 22, 20130, 13130, 1553450, '2021-10-05 02:19:11', '2021-10-05 02:19:11', NULL),
(2, NULL, '2016-02-04', '2016-02-08', 308704, 330978, 22274, 24, 22250, 15250, 1691250, '2021-10-05 02:21:24', '2021-10-05 02:21:24', NULL),
(3, NULL, '2016-03-04', '2016-03-10', 330978, 349903, 18925, 25, 18900, 18900, 1928500, '2021-10-05 02:22:35', '2021-10-05 02:22:35', NULL),
(4, NULL, '2016-04-04', '2016-04-08', 349903, 368667, 18764, 24, 18740, 11740, 1463100, '2021-10-05 02:30:35', '2021-10-05 02:30:35', NULL),
(5, NULL, '2016-05-04', '2016-05-11', 368667, 389917, 21250, 20, 21230, 14230, 1624950, '2021-10-05 02:41:32', '2021-10-05 02:41:32', NULL),
(6, NULL, '2016-06-04', '2016-06-09', 389917, 406869, 16952, 22, 16930, 9930, 1345450, '2021-10-05 02:42:15', '2021-10-05 02:42:15', NULL),
(7, NULL, '2016-07-04', '2016-07-09', 406869, 422455, 15586, 16, 15570, 8570, 1257050, '2021-10-05 02:43:05', '2021-10-05 02:43:05', NULL),
(8, NULL, '2016-08-04', '2016-08-11', 422455, 441162, 18707, 18, 18689, 11689, 1459785, '2021-10-05 02:43:51', '2021-10-05 02:43:51', NULL),
(9, NULL, '2016-09-04', '2016-09-10', 441163, 459903, 18740, 20, 18720, 11720, 1461800, '2021-10-05 02:44:35', '2021-10-05 02:44:35', NULL),
(10, NULL, '2016-10-04', '2016-10-10', 459903, 481409, 21506, 26, 21480, 14480, 1641200, '2021-10-05 02:45:41', '2021-10-05 02:45:41', NULL),
(11, NULL, '2016-11-04', '2016-11-10', 481409, 507579, 26170, 20, 26150, 19150, 1944750, '2021-10-05 02:46:23', '2021-10-05 02:46:23', NULL),
(12, NULL, '2016-12-04', '2016-12-10', 507579, 531402, 23823, 33, 23790, 16790, 1791350, '2021-10-05 02:47:07', '2021-10-05 02:47:07', NULL),
(13, NULL, '2017-01-04', '2017-01-10', 531402, 549877, 18475, 25, 18450, 11450, 1444250, '2021-10-05 02:47:54', '2021-10-05 02:47:54', NULL),
(14, NULL, '2017-02-04', '2017-02-10', 549877, 568714, 18837, 27, 18810, 11810, 1467650, '2021-10-05 02:48:29', '2021-10-05 02:48:29', NULL),
(15, NULL, '2017-03-04', '2017-03-11', 568714, 591567, 22853, 33, 22820, 15820, 1728300, '2021-10-05 02:49:10', '2021-10-05 02:49:10', NULL),
(16, NULL, '2017-04-04', '2017-04-11', 591567, 614797, 23230, 30, 23200, 16200, 1753000, '2021-10-05 02:49:53', '2021-10-05 02:49:53', NULL),
(17, NULL, '2017-05-04', '2017-05-11', 614797, 631585, 16788, 18, 16770, 9770, 1335050, '2021-10-05 02:50:32', '2021-10-05 02:50:32', NULL),
(18, NULL, '2017-06-04', '2017-06-10', 631585, 649265, 17680, 20, 17660, 10660, 1392900, '2021-10-05 02:51:12', '2021-10-05 02:51:12', NULL),
(19, NULL, '2017-07-04', '2017-07-11', 157943, 167225, 9282, 12, 9270, 2270, 847550, '2021-10-05 02:52:58', '2021-10-05 02:52:58', NULL),
(20, NULL, '2017-08-04', '2017-08-10', 167225, 191030, 23805, 25, 23780, 16780, 1790700, '2021-10-05 02:53:36', '2021-10-05 02:53:36', NULL),
(21, NULL, '2017-09-04', '2017-09-11', 191030, 209478, 18448, 28, 18420, 11420, 1442300, '2021-10-05 02:54:20', '2021-10-05 02:54:20', NULL),
(22, NULL, '2017-10-04', '2017-10-11', 209478, 233123, 23645, 25, 23620, 16620, 1780300, '2021-10-05 02:54:57', '2021-10-05 02:54:57', NULL),
(23, NULL, '2017-11-04', '2017-11-10', 233123, 256840, 23717, 27, 23690, 16690, 1784850, '2021-10-05 02:55:47', '2021-10-05 02:55:47', NULL),
(24, NULL, '2017-12-04', '2017-12-11', 256840, 275145, 18305, 25, 18280, 11280, 1433200, '2021-10-05 02:56:27', '2021-10-05 02:56:27', NULL),
(25, NULL, '2018-01-04', '2018-01-10', 275145, 293395, 18250, 20, 18230, 11230, 1429950, '2021-10-05 03:04:07', '2021-10-05 03:04:07', NULL),
(26, NULL, '2018-02-04', '2018-02-10', 293395, 316613, 23218, 38, 23180, 16180, 1751700, '2021-10-05 03:04:54', '2021-10-05 03:04:54', NULL),
(27, NULL, '2018-03-04', '2018-03-10', 316613, 331536, 14923, 23, 14900, 7900, 1213500, '2021-10-05 03:05:47', '2021-10-05 03:05:47', NULL),
(28, NULL, '2018-04-04', '2018-04-10', 33153, 53185, 20032, 23, 20009, 13009, 1545585, '2021-10-05 03:06:41', '2021-10-14 03:51:06', NULL),
(29, NULL, '2018-05-04', '2018-05-10', 351859, 371621, 19762, 32, 19730, 12730, 1527450, '2021-10-05 03:08:23', '2021-10-05 03:08:23', NULL),
(30, NULL, '2018-06-04', '2018-06-10', 371621, 392465, 20844, 24, 20820, 13820, 1598300, '2021-10-05 03:09:10', '2021-10-05 03:09:10', NULL),
(31, NULL, '2018-07-04', '2018-07-10', 392465, 406653, 14188, 28, 14160, 7160, 1165400, '2021-10-05 03:09:53', '2021-10-05 03:09:53', NULL),
(32, NULL, '2018-08-04', '2018-08-10', 406653, 431621, 24968, 28, 24940, 17940, 1866100, '2021-10-05 03:10:33', '2021-10-05 03:10:33', NULL),
(33, NULL, '2018-09-04', '2018-09-10', 431621, 452277, 20656, 26, 20630, 13630, 1585950, '2021-10-05 03:11:06', '2021-10-05 03:11:06', NULL),
(34, NULL, '2018-10-04', '2018-10-11', 452277, 474800, 22523, 23, 22500, 15500, 1707500, '2021-10-05 03:12:06', '2021-10-05 03:12:06', NULL),
(35, NULL, '2018-11-04', '2018-11-10', 474800, 493515, 18715, 25, 18690, 11690, 1459850, '2021-10-05 03:13:23', '2021-10-05 03:13:23', NULL),
(36, NULL, '2018-12-04', '2018-12-10', 493515, 511438, 17923, 23, 17900, 10900, 1408500, '2021-10-05 03:13:58', '2021-10-05 03:13:58', NULL),
(37, NULL, '2019-01-04', '2019-01-10', 511438, 529047, 17609, 29, 17580, 10580, 1387700, '2021-10-05 03:15:33', '2021-10-05 03:15:33', NULL),
(38, NULL, '2019-02-04', '2019-02-10', 529047, 546886, 17839, 29, 17810, 10810, 1402650, '2021-10-05 03:16:15', '2021-10-05 03:16:15', NULL),
(39, NULL, '2019-03-04', '2019-03-10', 546886, 562987, 16101, 21, 16080, 9080, 1290200, '2021-10-05 03:17:21', '2021-10-05 03:17:21', NULL),
(40, NULL, '2019-04-04', '2019-04-10', 562987, 578430, 15443, 23, 15420, 8420, 1247300, '2021-10-05 03:18:06', '2021-10-05 03:18:06', NULL),
(41, NULL, '2019-05-04', '2019-05-10', 578430, 594471, 16041, 21, 16020, 9020, 1286300, '2021-10-05 03:18:55', '2021-10-05 03:18:55', NULL),
(42, NULL, '2019-06-04', '2019-06-10', 594431, 608808, 14377, 27, 14350, 7350, 1177750, '2021-10-05 03:20:28', '2021-10-05 03:20:28', NULL),
(43, NULL, '2019-07-04', '2019-07-10', 608808, 621008, 12200, 20, 12180, 5180, 1036700, '2021-10-05 03:21:09', '2021-10-05 03:21:09', NULL),
(44, NULL, '2019-08-04', '2019-08-10', 621008, 639219, 18211, 31, 18180, 11180, 1426700, '2021-10-05 03:22:58', '2021-10-05 03:22:58', NULL),
(45, NULL, '2019-09-04', '2019-09-11', 639219, 655249, 16030, 30, 16000, 9000, 1285000, '2021-10-05 03:23:40', '2021-10-05 03:23:40', NULL),
(46, NULL, '2019-10-04', '2019-10-10', 655249, 670522, 15273, 23, 15250, 8250, 1236250, '2021-10-05 03:25:04', '2021-10-05 03:25:04', NULL),
(47, NULL, '2019-11-04', '2019-11-10', 670522, 687417, 16895, 25, 16870, 9870, 1341550, '2021-10-05 03:26:09', '2021-10-05 03:26:09', NULL),
(48, NULL, '2019-12-04', '2019-12-10', 687417, 701679, 14262, 22, 14240, 7240, 1170600, '2021-10-05 03:27:05', '2021-10-05 03:27:05', NULL),
(49, NULL, '2020-01-04', '2020-01-10', 701679, 713809, 12130, 20, 12110, 5110, 1032150, '2021-10-05 03:28:17', '2021-10-05 03:28:17', NULL),
(50, NULL, '2020-02-04', '2020-02-10', 713809, 732749, 18940, 27, 18913, 11913, 1474345, '2021-10-05 03:28:52', '2021-10-05 03:28:52', NULL),
(51, NULL, '2020-03-04', '2020-03-10', 732749, 748237, 15488, 18, 15470, 8470, 1250550, '2021-10-05 03:29:25', '2021-10-05 03:29:25', NULL),
(52, NULL, '2020-04-04', '2020-04-10', 748237, 760080, 11843, 13, 11830, 4830, 1013950, '2021-10-05 03:30:42', '2021-10-05 03:30:42', NULL),
(53, NULL, '2020-05-04', '2020-05-10', 760080, 771363, 11283, 13, 11270, 4270, 977550, '2021-10-05 03:31:20', '2021-10-05 03:31:20', NULL),
(54, NULL, '2020-06-04', '2020-06-10', 771363, 780545, 9182, 12, 9170, 2170, 841050, '2021-10-05 03:31:59', '2021-10-05 03:31:59', NULL),
(55, NULL, '2020-07-04', '2020-07-10', 780545, 791767, 11222, 12, 11210, 4210, 973650, '2021-10-05 03:33:11', '2021-10-05 03:33:11', NULL),
(56, NULL, '2020-08-04', '2020-08-10', 791767, 803372, 11605, 15, 11590, 4590, 998350, '2021-10-05 03:33:42', '2021-10-05 03:33:42', NULL),
(57, NULL, '2020-09-04', '2020-09-10', 803372, 817992, 14620, 20, 14600, 7600, 1194000, '2021-10-05 03:35:14', '2021-10-05 03:35:14', NULL),
(58, NULL, '2020-10-04', '2020-10-10', 817992, 837098, 19106, 26, 19080, 12080, 1485200, '2021-10-05 03:35:50', '2021-10-05 03:35:50', NULL),
(59, NULL, '2020-11-04', '2020-11-10', 837098, 854271, 17173, 13, 17160, 10160, 1360400, '2021-10-05 03:36:30', '2021-10-05 03:36:30', NULL),
(60, NULL, '2020-12-04', '2020-12-10', 854271, 868907, 14636, 16, 14620, 7620, 1195300, '2021-10-05 03:37:15', '2021-10-05 03:37:15', NULL),
(61, NULL, '2017-01-04', '2017-01-10', 416932, 432792, 15860, 30, 15830, 8830, 1318100, '2021-10-05 04:16:47', '2021-10-05 04:16:47', NULL),
(62, NULL, '2017-02-04', '2017-02-10', 432792, 447430, 14638, 28, 14610, 7610, 1232700, '2021-10-05 04:17:28', '2021-10-05 04:17:28', NULL),
(63, NULL, '2017-03-04', '2017-03-10', 447430, 462629, 15199, 29, 15170, 8170, 1271900, '2021-10-05 04:18:01', '2021-10-05 04:18:01', NULL),
(64, NULL, '2017-04-04', '2017-04-10', 688242, 709274, 21032, 24, 21008, 14008, 1680560, '2021-10-05 04:18:41', '2021-10-05 04:42:17', NULL),
(65, NULL, '2017-05-04', '2017-05-10', 482033, 496971, 14938, 28, 14910, 7910, 1253700, '2021-10-05 04:19:16', '2021-10-05 04:19:16', NULL),
(66, NULL, '2017-06-04', '2017-06-10', 496971, 515486, 18515, 25, 18490, 11490, 1504300, '2021-10-05 04:21:24', '2021-10-05 04:32:45', NULL),
(75, NULL, '2017-06-04', '2017-06-10', 496971, 514486, 17515, 25, 17490, 10490, 1434300, '2021-10-05 04:30:34', '2021-10-05 04:30:34', NULL),
(77, NULL, '2017-07-04', '2017-07-10', 514486, 531906, 17420, 30, 17390, 10390, 1427300, '2021-10-05 04:33:50', '2021-10-05 04:33:50', NULL),
(78, NULL, '2017-08-04', '2017-08-10', 531906, 553456, 21550, 30, 21520, 14520, 1716400, '2021-10-05 04:34:48', '2021-10-05 04:34:48', NULL),
(79, NULL, '2017-09-04', '2017-09-10', 553456, 570242, 16786, 26, 16760, 9760, 1383200, '2021-10-05 04:35:23', '2021-10-05 04:35:23', NULL),
(80, NULL, '2017-10-04', '2017-10-10', 570242, 585211, 14969, 29, 14940, 7940, 1255800, '2021-10-05 04:36:20', '2021-10-05 04:36:20', NULL),
(81, NULL, '2017-11-04', '2017-11-10', 585211, 603887, 18676, 26, 18650, 11650, 1515500, '2021-10-05 04:37:23', '2021-10-05 04:37:23', NULL),
(82, NULL, '2017-12-04', '2017-12-10', 603887, 621981, 18094, 24, 18070, 11070, 1474900, '2021-10-05 04:37:53', '2021-10-05 04:37:53', NULL),
(83, NULL, '2018-01-04', '2018-01-10', 621981, 644779, 22798, 28, 22770, 15770, 1803900, '2021-10-05 04:38:31', '2021-10-05 04:38:31', NULL),
(84, NULL, '2018-02-04', '2018-02-10', 644779, 666606, 21827, 27, 21800, 14800, 1736000, '2021-10-05 04:39:00', '2021-10-05 04:39:00', NULL),
(85, NULL, '2018-03-04', '2018-03-10', 666606, 688242, 21636, 36, 21600, 14600, 1722000, '2021-10-05 04:39:35', '2021-10-05 04:39:35', NULL),
(86, NULL, '2018-04-04', '2018-04-10', 688242, 709274, 21032, 32, 21000, 14000, 1680000, '2021-10-05 04:40:10', '2021-10-05 04:40:10', NULL),
(87, NULL, '2018-05-04', '2018-05-10', 709274, 732208, 22934, 34, 22900, 15900, 1813000, '2021-10-05 04:40:39', '2021-10-05 04:40:39', NULL),
(88, NULL, '2018-06-04', '2018-06-10', 732208, 758120, 25912, 32, 25880, 18880, 2021600, '2021-10-05 04:41:13', '2021-10-05 04:41:13', NULL),
(89, NULL, '2018-07-04', '2018-07-10', 758120, 776153, 18033, 33, 18000, 11000, 1470000, '2021-10-05 04:41:41', '2021-10-05 04:41:41', NULL),
(90, NULL, '2018-08-04', '2018-08-10', 776153, 804526, 28373, 33, 28340, 21340, 2193800, '2021-10-05 04:43:21', '2021-10-05 04:43:21', NULL),
(91, NULL, '2018-09-04', '2018-09-10', 804526, 832257, 27731, 31, 27700, 20700, 2149000, '2021-10-05 04:44:08', '2021-10-05 04:44:08', NULL),
(92, NULL, '2018-10-04', '2018-10-10', 832257, 857107, 24850, 30, 24820, 17820, 1947400, '2021-10-05 04:44:42', '2021-10-05 04:44:42', NULL),
(93, NULL, '2018-11-04', '2018-11-10', 857107, 889931, 32824, 34, 32790, 25790, 2505300, '2021-10-05 04:45:14', '2021-10-05 04:45:14', NULL),
(94, NULL, '2018-12-04', '2018-12-10', 889931, 917536, 27605, 25, 27580, 20580, 2140600, '2021-10-05 04:45:48', '2021-10-05 04:45:48', NULL),
(95, NULL, '2019-01-04', '2019-01-10', 917536, 945330, 27794, 24, 27770, 20770, 2153900, '2021-10-05 04:46:28', '2021-10-05 04:46:28', NULL),
(96, NULL, '2019-02-04', '2019-02-10', 945330, 976382, 31052, 32, 31020, 24020, 2381400, '2021-10-05 04:47:06', '2021-10-05 04:47:06', NULL),
(97, NULL, '2019-03-04', '2019-03-10', 976382, 1004859, 28477, 27, 28450, 21450, 2201500, '2021-10-05 04:48:01', '2021-10-05 04:48:01', NULL),
(98, NULL, '2019-04-04', '2019-04-10', 1004859, 1035720, 30861, 31, 30830, 23830, 2368100, '2021-10-05 04:48:30', '2021-10-05 04:48:30', NULL),
(99, NULL, '2019-05-04', '2019-05-10', 1035720, 1063503, 27783, 33, 27750, 20750, 2152500, '2021-10-05 04:49:12', '2021-10-05 04:49:12', NULL),
(100, NULL, '2019-06-04', '2019-06-10', 1063503, 1095747, 32244, 34, 32210, 25210, 2464700, '2021-10-05 04:49:58', '2021-10-05 04:49:58', NULL),
(101, NULL, '2019-07-04', '2019-07-10', 1095747, 1116909, 21162, 22, 21140, 14140, 1689800, '2021-10-05 04:50:42', '2021-10-05 04:50:42', NULL),
(102, NULL, '2019-08-04', '2019-08-10', 1116909, 1149051, 32142, 42, 32100, 25100, 2457000, '2021-10-05 04:51:19', '2021-10-05 04:51:19', NULL),
(103, NULL, '2019-09-04', '2019-09-10', 1149051, 1179183, 30132, 32, 30100, 23100, 2317000, '2021-10-05 04:51:56', '2021-10-05 04:51:56', NULL),
(104, NULL, '2019-10-04', '2019-10-10', 1179183, 1208325, 29142, 32, 29110, 22110, 2247700, '2021-10-05 04:52:28', '2021-10-05 04:52:28', NULL),
(105, NULL, '2019-11-04', '2019-11-11', 1208325, 1240158, 31833, 33, 31800, 24800, 2436000, '2021-10-05 04:53:05', '2021-10-05 04:53:05', NULL),
(106, NULL, '2019-12-04', '2019-12-10', 1240158, 1270557, 30399, 29, 30370, 23370, 2335900, '2021-10-05 04:53:34', '2021-10-05 04:53:34', NULL),
(107, NULL, '2020-01-06', '2020-01-13', 1270553, 1301404, 30851, 27, 30824, 23824, 2367680, '2021-10-05 04:54:55', '2021-10-05 04:54:55', NULL),
(108, NULL, '2020-02-04', '2020-02-11', 1301404, 1333618, 32214, 32, 32182, 25182, 2462740, '2021-10-05 04:55:36', '2021-10-05 04:55:36', NULL),
(109, NULL, '2020-03-04', '2020-03-10', 1333616, 1367767, 34151, 41, 34110, 27110, 2597700, '2021-10-05 04:56:18', '2021-10-05 04:56:18', NULL),
(110, NULL, '2020-04-06', '2020-04-10', 1367767, 1399469, 31702, 31, 31671, 24671, 2426970, '2021-10-05 04:57:24', '2021-10-05 04:57:24', NULL),
(111, NULL, '2020-05-04', '2020-05-11', 1399469, 1430026, 30557, 27, 30530, 23530, 2347100, '2021-10-05 04:59:10', '2021-10-05 04:59:10', NULL),
(112, NULL, '2020-06-04', '2020-06-10', 1430026, 1452462, 22436, 26, 22410, 15410, 1778700, '2021-10-05 04:59:44', '2021-10-05 04:59:44', NULL),
(113, NULL, '2020-07-06', '2020-07-10', 841284, 866432, 25148, 28, 25120, 18120, 1968400, '2021-10-05 05:00:27', '2021-10-05 05:00:27', NULL),
(114, NULL, '2020-08-04', '2020-08-10', 866432, 900822, 34390, 30, 34360, 27360, 2615200, '2021-10-05 05:01:03', '2021-10-05 05:01:03', NULL),
(115, NULL, '2020-09-04', '2020-09-10', 900822, 929815, 28993, 23, 28970, 21970, 2237900, '2021-10-05 05:01:39', '2021-10-05 05:01:39', NULL),
(116, NULL, '2020-10-04', '2020-10-10', 929815, 960367, 30552, 22, 30530, 23530, 2347100, '2021-10-05 05:02:10', '2021-10-05 05:02:10', NULL),
(117, NULL, '2020-11-04', '2020-11-10', 960367, 988218, 27851, 21, 27830, 20830, 2158100, '2021-10-05 05:02:38', '2021-10-05 05:02:38', NULL),
(118, NULL, '2020-12-04', '2020-12-10', 988218, 1013850, 25632, 22, 25610, 18610, 2002700, '2021-10-05 05:03:06', '2021-10-05 05:03:06', NULL),
(119, NULL, '2021-01-01', '2021-01-11', 868907, 877934, 9027, 17, 9010, 2010, 830650, '2021-10-07 08:09:57', '2021-10-28 01:47:59', NULL),
(120, NULL, '2021-02-04', '2021-02-10', 877934, 887347, 9413, 13, 9400, 2400, 856000, '2021-10-28 01:49:53', '2021-10-28 01:49:53', NULL),
(121, NULL, '2021-03-04', '2021-03-10', 887347, 894978, 7631, 11, 7620, 620, 740300, '2021-10-28 01:50:33', '2021-10-28 01:50:33', NULL),
(122, NULL, '2021-04-05', '2021-04-12', 894978, 904739, 9761, 11, 9750, 2750, 878750, '2021-10-28 01:51:18', '2021-10-28 01:51:18', NULL),
(123, NULL, '2021-05-04', '2021-05-10', 904739, 914682, 9943, 13, 9930, 2930, 890450, '2021-10-28 01:52:17', '2021-10-28 01:52:17', NULL),
(124, NULL, '2021-06-04', '2021-06-10', 467551, 478661, 11110, 20, 11090, 4090, 965850, '2021-10-28 01:53:03', '2021-10-28 01:53:03', NULL),
(125, NULL, '2021-07-05', '2021-07-10', 478661, 490450, 11789, 19, 11770, 4770, 1010050, '2021-10-28 01:53:35', '2021-10-28 01:53:35', NULL),
(126, NULL, '2021-08-04', '2021-08-10', 490450, 498607, 8157, 17, 8140, 1140, 774100, '2021-10-28 01:54:18', '2021-10-28 01:54:18', NULL),
(127, NULL, '2021-09-06', '2021-09-13', 498607, 508988, 10381, 21, 10360, 3360, 918400, '2021-10-28 01:56:42', '2021-10-28 01:56:42', NULL),
(128, NULL, '2021-10-04', '2021-10-11', 508988, 517875, 8887, 17, 8870, 1870, 821550, '2021-10-28 01:57:16', '2021-10-28 01:57:16', NULL),
(129, NULL, '2021-01-04', '2021-01-11', 1013850, 1043081, 29231, 31, 29200, 22200, 2254000, '2021-10-28 01:58:47', '2021-10-28 01:58:47', NULL),
(130, NULL, '2021-02-04', '2021-02-10', 1043081, 1072642, 29561, 31, 29530, 22530, 2277100, '2021-10-28 01:59:25', '2021-10-28 01:59:25', NULL),
(131, NULL, '2021-03-04', '2021-03-10', 1072642, 1100066, 27424, 24, 27400, 20400, 2128000, '2021-10-28 02:00:15', '2021-10-28 02:00:15', NULL),
(132, NULL, '2021-04-05', '2021-04-12', 1100066, 1132349, 32283, 23, 32260, 25260, 2468200, '2021-10-28 02:01:01', '2021-10-28 02:01:01', NULL),
(133, NULL, '2021-05-04', '2021-05-10', 1132349, 1159625, 27276, 16, 27260, 20260, 2118200, '2021-10-28 02:01:59', '2021-10-28 02:01:59', NULL),
(134, NULL, '2021-06-04', '2021-06-10', 1159625, 1180477, 20852, 12, 20840, 13840, 1668800, '2021-10-28 02:03:01', '2021-10-28 02:03:01', NULL),
(135, NULL, '2021-07-05', '2021-07-12', 1180477, 1207018, 26541, 21, 26520, 19520, 2066400, '2021-10-28 02:03:38', '2021-10-28 02:03:38', NULL),
(136, NULL, '2021-08-04', '2021-08-10', 1207018, 1230879, 23861, 21, 23840, 16840, 1878800, '2021-10-28 02:04:13', '2021-10-28 02:04:58', NULL),
(137, NULL, '2021-09-06', '2021-09-13', 1230879, 1254260, 23381, 21, 23360, 16360, 1845200, '2021-10-28 02:05:33', '2021-10-28 02:05:33', NULL),
(138, NULL, '2021-10-04', '2021-10-11', 1254260, 1281654, 27394, 24, 27370, 20370, 2125900, '2021-10-28 02:05:56', '2021-10-28 02:05:56', NULL),
(139, NULL, '2021-12-18', '2021-12-21', 500000, 650789, 150789, 50, 150739, 143739, 10043035, '2021-12-15 03:55:24', '2021-12-15 03:57:21', '2021-12-15 03:57:21');

-- --------------------------------------------------------

--
-- Table structure for table `perusahaan`
--

CREATE TABLE `perusahaan` (
  `ID_PERUSAHAAN` int(11) NOT NULL,
  `ID_MESIN` int(11) DEFAULT NULL,
  `NAMA_PERUSAHAAN` varchar(50) DEFAULT NULL,
  `ALAMAT` varchar(150) DEFAULT NULL,
  `NO_TELP` varchar(30) DEFAULT NULL,
  `LIMIT_PERUSAHAAN` int(11) DEFAULT NULL,
  `HARGA_OVER` int(11) DEFAULT NULL,
  `BIAYA_SEWA` int(11) DEFAULT NULL,
  `CREATED_AT` datetime DEFAULT NULL,
  `UPDATED_AT` datetime DEFAULT NULL,
  `DELETED_AT` datetime DEFAULT NULL
) ENGINE=InnoDB DEFAULT CHARSET=utf8mb4;

--
-- Dumping data for table `perusahaan`
--

INSERT INTO `perusahaan` (`ID_PERUSAHAAN`, `ID_MESIN`, `NAMA_PERUSAHAAN`, `ALAMAT`, `NO_TELP`, `LIMIT_PERUSAHAAN`, `HARGA_OVER`, `BIAYA_SEWA`, `CREATED_AT`, `UPDATED_AT`, `DELETED_AT`) VALUES
(1, 1, 'PT. Megasurya Mas', 'Jl. Tambak Sawah 32, Waru, Sidoarjo', '8662390', 7000, 65, 700000, '2021-10-05 02:12:40', '2021-10-05 02:12:40', NULL),
(3, 2, 'PT. Bukit Inti Makmur Abadi', 'Jl. Tambak Sawah No. 16, Waru, Sidoarjo', '8677874', 7000, 70, 700000, '2021-10-05 02:15:41', '2021-10-05 02:15:41', NULL),
(4, 1, 'PT. Malidas Sterilindo', 'Jl. Demang Singomenggolo 22, Buduran, Sidoarjo', '8677874', 7000, 70, 550000, '2021-10-14 07:57:44', '2021-10-14 07:57:44', NULL),
(5, 5, 'PT ABC', 'abc', '123', 2000, 200, 500000, '2021-12-15 03:54:23', '2021-12-15 03:54:45', '2021-12-15 03:54:45');

-- --------------------------------------------------------

--
-- Table structure for table `user_aplikasi`
--

CREATE TABLE `user_aplikasi` (
  `ID_USER` int(11) NOT NULL,
  `USERNAME` varchar(50) DEFAULT NULL,
  `PASSWORD` varchar(100) DEFAULT NULL
) ENGINE=InnoDB DEFAULT CHARSET=utf8mb4;

--
-- Dumping data for table `user_aplikasi`
--

INSERT INTO `user_aplikasi` (`ID_USER`, `USERNAME`, `PASSWORD`) VALUES
(3, 'coba', '$2y$10$N1H8ijjGt1G/AAFms43oFeOIMd2DkZuX.sf5Bcw9b0jSGcN.pskjC'),
(4, 'admin', '$2y$10$uFWbBzKOsC0jXXQP4ya.Ve35TEIPrhDup0Qas9rad8R0Z35fambWC');

--
-- Indexes for dumped tables
--

--
-- Indexes for table `mesin_fotocopy`
--
ALTER TABLE `mesin_fotocopy`
  ADD PRIMARY KEY (`ID_MESIN`),
  ADD KEY `FK_MENGGUNAKAN` (`ID_PERUSAHAAN`);

--
-- Indexes for table `persewaan`
--
ALTER TABLE `persewaan`
  ADD PRIMARY KEY (`ID_PERSEWAAN`),
  ADD KEY `FK_MENCATAT` (`ID_USER`),
  ADD KEY `FK_MENYEWA` (`ID_PERUSAHAAN`),
  ADD KEY `FK_MENYIMPAN` (`ID_PERSEWAAN_DETAIL`);

--
-- Indexes for table `persewaan_detail`
--
ALTER TABLE `persewaan_detail`
  ADD PRIMARY KEY (`ID_PERSEWAAN_DETAIL`),
  ADD KEY `FK_MENYIMPAN2` (`ID_PERSEWAAN`);

--
-- Indexes for table `perusahaan`
--
ALTER TABLE `perusahaan`
  ADD PRIMARY KEY (`ID_PERUSAHAAN`),
  ADD KEY `FK_MENGGUNAKAN2` (`ID_MESIN`);

--
-- Indexes for table `user_aplikasi`
--
ALTER TABLE `user_aplikasi`
  ADD PRIMARY KEY (`ID_USER`);

--
-- AUTO_INCREMENT for dumped tables
--

--
-- AUTO_INCREMENT for table `mesin_fotocopy`
--
ALTER TABLE `mesin_fotocopy`
  MODIFY `ID_MESIN` int(11) NOT NULL AUTO_INCREMENT, AUTO_INCREMENT=8;

--
-- AUTO_INCREMENT for table `persewaan`
--
ALTER TABLE `persewaan`
  MODIFY `ID_PERSEWAAN` int(11) NOT NULL AUTO_INCREMENT, AUTO_INCREMENT=130;

--
-- AUTO_INCREMENT for table `persewaan_detail`
--
ALTER TABLE `persewaan_detail`
  MODIFY `ID_PERSEWAAN_DETAIL` int(11) NOT NULL AUTO_INCREMENT, AUTO_INCREMENT=140;

--
-- AUTO_INCREMENT for table `perusahaan`
--
ALTER TABLE `perusahaan`
  MODIFY `ID_PERUSAHAAN` int(11) NOT NULL AUTO_INCREMENT, AUTO_INCREMENT=6;

--
-- AUTO_INCREMENT for table `user_aplikasi`
--
ALTER TABLE `user_aplikasi`
  MODIFY `ID_USER` int(11) NOT NULL AUTO_INCREMENT, AUTO_INCREMENT=5;

--
-- Constraints for dumped tables
--

--
-- Constraints for table `mesin_fotocopy`
--
ALTER TABLE `mesin_fotocopy`
  ADD CONSTRAINT `FK_MENGGUNAKAN` FOREIGN KEY (`ID_PERUSAHAAN`) REFERENCES `perusahaan` (`ID_PERUSAHAAN`);

--
-- Constraints for table `persewaan`
--
ALTER TABLE `persewaan`
  ADD CONSTRAINT `FK_MENCATAT` FOREIGN KEY (`ID_USER`) REFERENCES `user_aplikasi` (`ID_USER`),
  ADD CONSTRAINT `FK_MENYEWA` FOREIGN KEY (`ID_PERUSAHAAN`) REFERENCES `perusahaan` (`ID_PERUSAHAAN`),
  ADD CONSTRAINT `FK_MENYIMPAN` FOREIGN KEY (`ID_PERSEWAAN_DETAIL`) REFERENCES `persewaan_detail` (`ID_PERSEWAAN_DETAIL`);

--
-- Constraints for table `persewaan_detail`
--
ALTER TABLE `persewaan_detail`
  ADD CONSTRAINT `FK_MENYIMPAN2` FOREIGN KEY (`ID_PERSEWAAN`) REFERENCES `persewaan` (`ID_PERSEWAAN`);

--
-- Constraints for table `perusahaan`
--
ALTER TABLE `perusahaan`
  ADD CONSTRAINT `FK_MENGGUNAKAN2` FOREIGN KEY (`ID_MESIN`) REFERENCES `mesin_fotocopy` (`ID_MESIN`);
COMMIT;

/*!40101 SET CHARACTER_SET_CLIENT=@OLD_CHARACTER_SET_CLIENT */;
/*!40101 SET CHARACTER_SET_RESULTS=@OLD_CHARACTER_SET_RESULTS */;
/*!40101 SET COLLATION_CONNECTION=@OLD_COLLATION_CONNECTION */;
